subject_id,expert_classification,total_classifications,public_counts,percent_match,percent_sure,percent_not_sure,num_not_sure,ids_not_sure,num_sterile,ids_sterile,num_female,ids_female,num_male,ids_male,num_both,ids_both,expert_classification_id,expert_user_id,workflow_id,expert_classified_at,subject_filename,public_classification_ids
72170226,Male,17,"{'Not sure': 0, 'Sterile': 0, 'Female ': 2, 'Male': 15, 'Both Female and Male': 0}",88.24,11.76,0.0,0,[],0,[],2,"['393972113', '394071180']",15,"['393163632', '393286095', '393316167', '393442330', '393478243', '393606765', '393688234', '393825184', '394076899', '394128252', '394152641', '394166166', '394246360', '394258811', '394511558']",0,[],393163632,675706,19279,2022-01-28 22:58:15 UTC,PDLK225_AK305241_DF046_MALEJPEG(d).jpg,"{'Not sure': [], 'Sterile': [], 'Female ': ['393972113', '394071180'], 'Male': ['393163632', '393286095', '393316167', '393442330', '393478243', '393606765', '393688234', '393825184', '394076899', '394128252', '394152641', '394166166', '394246360', '394258811', '394511558'], 'Both Female and Male': []}"
72170268,Female ,18,"{'Not sure': 2, 'Sterile': 2, 'Female ': 11, 'Male': 3, 'Both Female and Male': 0}",61.11,72.22,11.11,2,"['394313357', '394502971']",2,"['394074421', '394076928']",11,"['393163775', '393316667', '393454664', '393480605', '393825539', '394101744', '394253063', '394532609', '394792115', '395191623', '397331627']",3,"['394127178', '394353858', '394438250']",0,[],393163775,675706,19279,2022-01-28 22:59:05 UTC,PDLS01116_DF223JPEG_cropped_resized(a).jpg,"{'Not sure': ['394313357', '394502971'], 'Sterile': ['394074421', '394076928'], 'Female ': ['393163775', '393316667', '393454664', '393480605', '393825539', '394101744', '394253063', '394532609', '394792115', '395191623', '397331627'], 'Male': ['394127178', '394353858', '394438250'], 'Both Female and Male': []}"
72170188,Sterile,15,"{'Not sure': 2, 'Sterile': 13, 'Female ': 0, 'Male': 0, 'Both Female and Male': 0}",86.67,86.67,13.33,2,"['393408799', '394073432']",13,"['393163808', '393253685', '393315519', '393367031', '393479512', '393606346', '393825371', '393972074', '394071427', '394247585', '394360581', '394439389', '394791604']",0,[],0,[],0,[],393163808,675706,19279,2022-01-28 22:59:17 UTC,PDL11215JPEG(a).png,"{'Not sure': ['393408799', '394073432'], 'Sterile': ['393163808', '393253685', '393315519', '393367031', '393479512', '393606346', '393825371', '393972074', '394071427', '394247585', '394360581', '394439389', '394791604'], 'Female ': [], 'Male': [], 'Both Female and Male': []}"
72170174,Sterile,15,"{'Not sure': 0, 'Sterile': 15, 'Female ': 0, 'Male': 0, 'Both Female and Male': 0}",100.0,100.0,0.0,0,[],15,"['393163826', '393286896', '393316825', '393372189', '393601104', '393786634', '393825203', '393972249', '394074594', '394129916', '394131712', '394153150', '394246537', '394311249', '394440431']",0,[],0,[],0,[],393163826,675706,19279,2022-01-28 22:59:23 UTC,MVK6500JPEG(b).jpg,"{'Not sure': [], 'Sterile': ['393163826', '393286896', '393316825', '393372189', '393601104', '393786634', '393825203', '393972249', '394074594', '394129916', '394131712', '394153150', '394246537', '394311249', '394440431'], 'Female ': [], 'Male': [], 'Both Female and Male': []}"
72170254,Sterile,16,"{'Not sure': 1, 'Sterile': 15, 'Female ': 0, 'Male': 0, 'Both Female and Male': 0}",93.75,93.75,6.25,1,['394070307'],15,"['393162233', '393163836', '393317323', '393479479', '393603485', '393825390', '393976872', '394071720', '394352714', '394440297', '394532809', '394790852', '394967155', '395188407', '395454795']",0,[],0,[],0,[],393163836,675706,19279,2022-01-28 22:59:26 UTC,PDLS0078FJPEG_cropped_resized(c).jpg,"{'Not sure': ['394070307'], 'Sterile': ['393162233', '393163836', '393317323', '393479479', '393603485', '393825390', '393976872', '394071720', '394352714', '394440297', '394532809', '394790852', '394967155', '395188407', '395454795'], 'Female ': [], 'Male': [], 'Both Female and Male': []}"
72170309,Sterile,15,"{'Not sure': 0, 'Sterile': 15, 'Female ': 0, 'Male': 0, 'Both Female and Male': 0}",100.0,100.0,0.0,0,[],15,"['393163851', '393316494', '393480560', '393602130', '393834024', '394071106', '394152672', '394247492', '394311139', '394440901', '395187047', '395297937', '395396315', '395459797', '395481671']",0,[],0,[],0,[],393163851,675706,19279,2022-01-28 22:59:30 UTC,Shaw17619_D384JPEG(a).jpg,"{'Not sure': [], 'Sterile': ['393163851', '393316494', '393480560', '393602130', '393834024', '394071106', '394152672', '394247492', '394311139', '394440901', '395187047', '395297937', '395396315', '395459797', '395481671'], 'Female ': [], 'Male': [], 'Both Female and Male': []}"
72170175,Sterile,15,"{'Not sure': 1, 'Sterile': 14, 'Female ': 0, 'Male': 0, 'Both Female and Male': 0}",93.33,93.33,6.67,1,['393972180'],14,"['393162122', '393163860', '393315455', '393546039', '393606115', '393825584', '393850382', '393966888', '394070871', '394076226', '394131430', '394278858', '394357050', '394498940']",0,[],0,[],0,[],393163860,675706,19279,2022-01-28 22:59:34 UTC,MVK6500JPEG(c).jpg,"{'Not sure': ['393972180'], 'Sterile': ['393162122', '393163860', '393315455', '393546039', '393606115', '393825584', '393850382', '393966888', '394070871', '394076226', '394131430', '394278858', '394357050', '394498940'], 'Female ': [], 'Male': [], 'Both Female and Male': []}"
72170288,Not sure,15,"{'Not sure': 3, 'Sterile': 11, 'Female ': 0, 'Male': 0, 'Both Female and Male': 1}",20.0,73.33,20.0,3,"['393163933', '394070230', '394498441']",11,"['393317329', '393442767', '393480715', '393604401', '393825143', '394074050', '394131384', '394150609', '394532891', '394566946', '394969290']",0,[],0,[],1,['393471503'],393163933,675706,19279,2022-01-28 23:00:00 UTC,PDLS99155AJPEG_cropped_resized(b).jpg,"{'Not sure': ['393163933', '394070230', '394498441'], 'Sterile': ['393317329', '393442767', '393480715', '393604401', '393825143', '394074050', '394131384', '394150609', '394532891', '394566946', '394969290'], 'Female ': [], 'Male': [], 'Both Female and Male': ['393471503']}"
72170298,Female ,15,"{'Not sure': 1, 'Sterile': 0, 'Female ': 11, 'Male': 0, 'Both Female and Male': 3}",73.33,73.33,6.67,1,['393162098'],0,[],11,"['393164001', '393254028', '393316465', '393633843', '393834303', '394073824', '394074062', '394793247', '395111586', '395185144', '395398184']",0,[],3,"['394277921', '395188852', '395459728']",393164001,675706,19279,2022-01-28 23:00:30 UTC,Shaw16641_D255JPEG(b).png,"{'Not sure': ['393162098'], 'Sterile': [], 'Female ': ['393164001', '393254028', '393316465', '393633843', '393834303', '394073824', '394074062', '394793247', '395111586', '395185144', '395398184'], 'Male': [], 'Both Female and Male': ['394277921', '395188852', '395459728']}"
72170195,Sterile,15,"{'Not sure': 1, 'Sterile': 14, 'Female ': 0, 'Male': 0, 'Both Female and Male': 0}",93.33,93.33,6.67,1,['394309172'],14,"['393164028', '393316366', '393602139', '393834313', '394069875', '394131676', '394277978', '394440608', '394502977', '394532790', '394790114', '394887336', '395187479', '395188062']",0,[],0,[],0,[],393164028,675706,19279,2022-01-28 23:00:36 UTC,PDL11489JPEG(a).jpg,"{'Not sure': ['394309172'], 'Sterile': ['393164028', '393316366', '393602139', '393834313', '394069875', '394131676', '394277978', '394440608', '394502977', '394532790', '394790114', '394887336', '395187479', '395188062'], 'Female ': [], 'Male': [], 'Both Female and Male': []}"
72170154,Sterile,15,"{'Not sure': 3, 'Sterile': 7, 'Female ': 2, 'Male': 3, 'Both Female and Male': 0}",46.67,60.0,20.0,3,"['393162477', '394068560', '394503069']",7,"['393164046', '393316835', '393688434', '393834459', '394074308', '394101544', '394360530']",2,"['394251837', '394887400']",3,"['393258258', '394151297', '394439534']",0,[],393164046,675706,19279,2022-01-28 23:00:42 UTC,MVK10-5-29F_DF286JPEG_cropped_resized(g).jpg,"{'Not sure': ['393162477', '394068560', '394503069'], 'Sterile': ['393164046', '393316835', '393688434', '393834459', '394074308', '394101544', '394360530'], 'Female ': ['394251837', '394887400'], 'Male': ['393258258', '394151297', '394439534'], 'Both Female and Male': []}"
72170271,Sterile,18,"{'Not sure': 2, 'Sterile': 16, 'Female ': 0, 'Male': 0, 'Both Female and Male': 0}",88.89,88.89,11.11,2,"['393971973', '394312642']",16,"['393162133', '393164059', '393285495', '393315340', '393442205', '393602465', '393834030', '393976781', '394073435', '394076842', '394251932', '394965749', '395187845', '395188301', '395454768', '397331156']",0,[],0,[],0,[],393164059,675706,19279,2022-01-28 23:00:45 UTC,PDLS01116_DF223JPEG_cropped_resized(d).jpg,"{'Not sure': ['393971973', '394312642'], 'Sterile': ['393162133', '393164059', '393285495', '393315340', '393442205', '393602465', '393834030', '393976781', '394073435', '394076842', '394251932', '394965749', '395187845', '395188301', '395454768', '397331156'], 'Female ': [], 'Male': [], 'Both Female and Male': []}"
72170241,Sterile,17,"{'Not sure': 1, 'Sterile': 14, 'Female ': 0, 'Male': 2, 'Both Female and Male': 0}",82.35,82.35,5.88,1,['394511023'],14,"['393164068', '393315723', '393825578', '394076912', '394100125', '394246672', '395187012', '395396767', '395458816', '395482344', '395548353', '395549330', '395551540', '395551762']",0,[],2,"['394076407', '395196716']",0,[],393164068,675706,19279,2022-01-28 23:00:48 UTC,PDLS003F_D450JPEG_cropped_resized(c).jpg,"{'Not sure': ['394511023'], 'Sterile': ['393164068', '393315723', '393825578', '394076912', '394100125', '394246672', '395187012', '395396767', '395458816', '395482344', '395548353', '395549330', '395551540', '395551762'], 'Female ': [], 'Male': ['394076407', '395196716'], 'Both Female and Male': []}"
72170203,Sterile,15,"{'Not sure': 1, 'Sterile': 12, 'Female ': 1, 'Male': 1, 'Both Female and Male': 0}",80.0,86.67,6.67,1,['394312031'],12,"['393164080', '393316640', '393607540', '393688756', '393834488', '393972489', '394003347', '394073834', '394439773', '394498458', '395111625', '395188861']",1,['394279960'],1,['394793418'],0,[],393164080,675706,19279,2022-01-28 23:00:51 UTC,PDL11594JPEG(b).jpg,"{'Not sure': ['394312031'], 'Sterile': ['393164080', '393316640', '393607540', '393688756', '393834488', '393972489', '394003347', '394073834', '394439773', '394498458', '395111625', '395188861'], 'Female ': ['394279960'], 'Male': ['394793418'], 'Both Female and Male': []}"
72170232,Sterile,16,"{'Not sure': 3, 'Sterile': 13, 'Female ': 0, 'Male': 0, 'Both Female and Male': 0}",81.25,81.25,18.75,3,"['393253723', '394070570', '394503275']",13,"['393164088', '393253453', '393316339', '393603560', '393825131', '394076529', '394131368', '394166193', '394246708', '394791714', '395174320', '395188423', '396566834']",0,[],0,[],0,[],393164088,675706,19279,2022-01-28 23:00:54 UTC,PDLS003_D450JPEG(b).jpg,"{'Not sure': ['393253723', '394070570', '394503275'], 'Sterile': ['393164088', '393253453', '393316339', '393603560', '393825131', '394076529', '394131368', '394166193', '394246708', '394791714', '395174320', '395188423', '396566834'], 'Female ': [], 'Male': [], 'Both Female and Male': []}"
72170194,Sterile,15,"{'Not sure': 2, 'Sterile': 9, 'Female ': 3, 'Male': 1, 'Both Female and Male': 0}",60.0,80.0,13.33,2,"['393442285', '394511366']",9,"['393164095', '393285104', '393317390', '393637006', '393834049', '394151838', '394185617', '394259411', '394971085']",3,"['394070066', '394133190', '394278885']",1,['393480857'],0,[],393164095,675706,19279,2022-01-28 23:00:57 UTC,PDL11454JPEG(c).jpg,"{'Not sure': ['393442285', '394511366'], 'Sterile': ['393164095', '393285104', '393317390', '393637006', '393834049', '394151838', '394185617', '394259411', '394971085'], 'Female ': ['394070066', '394133190', '394278885'], 'Male': ['393480857'], 'Both Female and Male': []}"
72170192,Sterile,15,"{'Not sure': 1, 'Sterile': 13, 'Female ': 0, 'Male': 1, 'Both Female and Male': 0}",86.67,86.67,6.67,1,['394278835'],13,"['393164112', '393316353', '393455147', '393605300', '393825510', '394070836', '394071907', '394131313', '394152058', '394360015', '394438003', '394499596', '394713938']",0,[],1,['393286734'],0,[],393164112,675706,19279,2022-01-28 23:01:02 UTC,PDL11454JPEG(a).jpg,"{'Not sure': ['394278835'], 'Sterile': ['393164112', '393316353', '393455147', '393605300', '393825510', '394070836', '394071907', '394131313', '394152058', '394360015', '394438003', '394499596', '394713938'], 'Female ': [], 'Male': ['393286734'], 'Both Female and Male': []}"
72170291,Sterile,16,"{'Not sure': 3, 'Sterile': 12, 'Female ': 0, 'Male': 1, 'Both Female and Male': 0}",75.0,75.0,18.75,3,"['394069386', '394279464', '394359911']",12,"['393162815', '393164137', '393317625', '393480207', '393633363', '393683838', '393825332', '394073201', '394129107', '394131560', '394442301', '397331142']",0,[],1,['394792777'],0,[],393164137,675706,19279,2022-01-28 23:01:10 UTC,PDLS99155AJPEG_cropped_resized(e).jpg,"{'Not sure': ['394069386', '394279464', '394359911'], 'Sterile': ['393162815', '393164137', '393317625', '393480207', '393633363', '393683838', '393825332', '394073201', '394129107', '394131560', '394442301', '397331142'], 'Female ': [], 'Male': ['394792777'], 'Both Female and Male': []}"
72170239,Sterile,16,"{'Not sure': 2, 'Sterile': 12, 'Female ': 1, 'Male': 1, 'Both Female and Male': 0}",75.0,81.25,12.5,2,"['394075207', '395123619']",12,"['393164150', '393284785', '393316632', '393603480', '393834158', '393972284', '394076100', '394128353', '394132354', '394153019', '395187032', '395454741']",1,['394109463'],1,['395196428'],0,[],393164150,675706,19279,2022-01-28 23:01:13 UTC,PDLS003F_D450JPEG_cropped_resized(a).jpg,"{'Not sure': ['394075207', '395123619'], 'Sterile': ['393164150', '393284785', '393316632', '393603480', '393834158', '393972284', '394076100', '394128353', '394132354', '394153019', '395187032', '395454741'], 'Female ': ['394109463'], 'Male': ['395196428'], 'Both Female and Male': []}"
72170163,Sterile,15,"{'Not sure': 2, 'Sterile': 12, 'Female ': 1, 'Male': 0, 'Both Female and Male': 0}",80.0,86.67,13.33,2,"['394075882', '394359485']",12,"['393162565', '393164161', '393287007', '393315627', '393442481', '393544429', '393603589', '393824453', '394075545', '394128024', '394437227', '394500028']",1,['394247620'],0,[],0,[],393164161,675706,19279,2022-01-28 23:01:16 UTC,MVK10-5-29F_DF286JPEG_cropped_resized(p).jpg,"{'Not sure': ['394075882', '394359485'], 'Sterile': ['393162565', '393164161', '393287007', '393315627', '393442481', '393544429', '393603589', '393824453', '394075545', '394128024', '394437227', '394500028'], 'Female ': ['394247620'], 'Male': [], 'Both Female and Male': []}"
72170227,Male,16,"{'Not sure': 0, 'Sterile': 8, 'Female ': 0, 'Male': 8, 'Both Female and Male': 0}",50.0,50.0,0.0,0,[],8,"['393315667', '393478198', '393605281', '393834500', '394070978', '394357189', '394511922', '394791887']",0,[],8,"['393164248', '393285421', '394075086', '394247024', '394503268', '394567015', '395396274', '395409758']",0,[],393164248,675706,19279,2022-01-28 23:01:38 UTC,PDLK225_AK305241_DF046_MALEJPEG(e).jpg,"{'Not sure': [], 'Sterile': ['393315667', '393478198', '393605281', '393834500', '394070978', '394357189', '394511922', '394791887'], 'Female ': [], 'Male': ['393164248', '393285421', '394075086', '394247024', '394503268', '394567015', '395396274', '395409758'], 'Both Female and Male': []}"
72170148,Sterile,15,"{'Not sure': 9, 'Sterile': 6, 'Female ': 0, 'Male': 0, 'Both Female and Male': 0}",40.0,40.0,60.0,9,"['393286994', '393637206', '394074476', '394127097', '394277967', '394502916', '395396888', '395458861', '395482323']",6,"['393164277', '393315264', '393834402', '394072855', '394499159', '394567615']",0,[],0,[],0,[],393164277,675706,19279,2022-01-28 23:01:48 UTC,MVK10-5-29F_DF286JPEG_cropped_resized(a).jpg,"{'Not sure': ['393286994', '393637206', '394074476', '394127097', '394277967', '394502916', '395396888', '395458861', '395482323'], 'Sterile': ['393164277', '393315264', '393834402', '394072855', '394499159', '394567615'], 'Female ': [], 'Male': [], 'Both Female and Male': []}"
72170294,Female ,15,"{'Not sure': 2, 'Sterile': 0, 'Female ': 13, 'Male': 0, 'Both Female and Male': 0}",86.67,86.67,13.33,2,"['394311893', '394359521']",0,[],13,"['393164322', '393316534', '393607986', '393825267', '394072820', '394151713', '394246984', '394602678', '395135006', '395187616', '395297172', '395312487', '395396256']",0,[],0,[],393164322,675706,19279,2022-01-28 23:02:01 UTC,PDLS99185BJPEG_a(1).jpg,"{'Not sure': ['394311893', '394359521'], 'Sterile': [], 'Female ': ['393164322', '393316534', '393607986', '393825267', '394072820', '394151713', '394246984', '394602678', '395135006', '395187616', '395297172', '395312487', '395396256'], 'Male': [], 'Both Female and Male': []}"
72170301,Female ,15,"{'Not sure': 1, 'Sterile': 1, 'Female ': 12, 'Male': 1, 'Both Female and Male': 0}",80.0,86.67,6.67,1,['394310672'],1,['393478667'],12,"['393164396', '393315997', '393372124', '393455370', '393603901', '393825093', '394072966', '394132414', '394279924', '394498879', '394714234', '394791330']",1,['394440004'],0,[],393164396,675706,19279,2022-01-28 23:02:21 UTC,Shaw16641_D255JPEG(e).png,"{'Not sure': ['394310672'], 'Sterile': ['393478667'], 'Female ': ['393164396', '393315997', '393372124', '393455370', '393603901', '393825093', '394072966', '394132414', '394279924', '394498879', '394714234', '394791330'], 'Male': ['394440004'], 'Both Female and Male': []}"
72170193,Sterile,15,"{'Not sure': 0, 'Sterile': 15, 'Female ': 0, 'Male': 0, 'Both Female and Male': 0}",100.0,100.0,0.0,0,[],15,"['393162687', '393164413', '393317505', '393480669', '393601357', '393786664', '393825346', '393972568', '394074202', '394126166', '394153127', '394246130', '394310829', '394361124', '394502990']",0,[],0,[],0,[],393164413,675706,19279,2022-01-28 23:02:27 UTC,PDL11454JPEG(b).jpg,"{'Not sure': [], 'Sterile': ['393162687', '393164413', '393317505', '393480669', '393601357', '393786664', '393825346', '393972568', '394074202', '394126166', '394153127', '394246130', '394310829', '394361124', '394502990'], 'Female ': [], 'Male': [], 'Both Female and Male': []}"
72170164,Sterile,15,"{'Not sure': 2, 'Sterile': 12, 'Female ': 0, 'Male': 1, 'Both Female and Male': 0}",80.0,80.0,13.33,2,"['394073892', '394503247']",12,"['393164426', '393254408', '393285862', '393316960', '393479587', '393606179', '393834330', '394072977', '394131730', '394153004', '394166330', '394277943']",0,[],1,['394107090'],0,[],393164426,675706,19279,2022-01-28 23:02:31 UTC,MVK10-5-29F_DF286JPEG_cropped_resized(q).jpg,"{'Not sure': ['394073892', '394503247'], 'Sterile': ['393164426', '393254408', '393285862', '393316960', '393479587', '393606179', '393834330', '394072977', '394131730', '394153004', '394166330', '394277943'], 'Female ': [], 'Male': ['394107090'], 'Both Female and Male': []}"
72170211,Sterile,15,"{'Not sure': 3, 'Sterile': 7, 'Female ': 1, 'Male': 3, 'Both Female and Male': 1}",46.67,53.33,20.0,3,"['394074964', '394246482', '394498402']",7,"['393164439', '393316913', '393633722', '393825087', '394354197', '394503056', '394566754']",1,['394070412'],3,"['393478280', '394164907', '394442829']",1,['393252109'],393164439,675706,19279,2022-01-28 23:02:34 UTC,PDL11610JPEG_cropped_resized(b).jpg,"{'Not sure': ['394074964', '394246482', '394498402'], 'Sterile': ['393164439', '393316913', '393633722', '393825087', '394354197', '394503056', '394566754'], 'Female ': ['394070412'], 'Male': ['393478280', '394164907', '394442829'], 'Both Female and Male': ['393252109']}"
72170274,Sterile,15,"{'Not sure': 2, 'Sterile': 8, 'Female ': 3, 'Male': 1, 'Both Female and Male': 1}",53.33,73.33,13.33,2,"['393972610', '394247070']",8,"['393164483', '393317553', '393479503', '393605364', '393834397', '394052762', '394073874', '394359750']",3,"['393252883', '394070588', '394109023']",1,['394128181'],1,['393786800'],393164483,675706,19279,2022-01-28 23:02:50 UTC,PDLS01116_DF223JPEG_cropped_resized(g).jpg,"{'Not sure': ['393972610', '394247070'], 'Sterile': ['393164483', '393317553', '393479503', '393605364', '393834397', '394052762', '394073874', '394359750'], 'Female ': ['393252883', '394070588', '394109023'], 'Male': ['394128181'], 'Both Female and Male': ['393786800']}"
72170166,Male,15,"{'Not sure': 0, 'Sterile': 0, 'Female ': 2, 'Male': 12, 'Both Female and Male': 1}",80.0,13.33,0.0,0,[],0,[],2,"['394075581', '394107817']",12,"['393164510', '393315859', '393480588', '393601177', '393825191', '394070693', '394126553', '394150556', '394440728', '395187899', '395188275', '395283631']",1,['394533152'],393164510,675706,19279,2022-01-28 23:03:00 UTC,MVK10-5-29F_DF286JPEG_cropped_resized(s).jpg,"{'Not sure': [], 'Sterile': [], 'Female ': ['394075581', '394107817'], 'Male': ['393164510', '393315859', '393480588', '393601177', '393825191', '394070693', '394126553', '394150556', '394440728', '395187899', '395188275', '395283631'], 'Both Female and Male': ['394533152']}"
72170289,Not sure,16,"{'Not sure': 5, 'Sterile': 11, 'Female ': 0, 'Male': 0, 'Both Female and Male': 0}",31.25,68.75,31.25,5,"['393164532', '393687888', '394134014', '394500040', '394511077']",11,"['393317623', '393480646', '393602115', '393834177', '394076357', '394246592', '394259350', '394437712', '394567344', '394791271', '395191656']",0,[],0,[],0,[],393164532,675706,19279,2022-01-28 23:03:08 UTC,PDLS99155AJPEG_cropped_resized(c).jpg,"{'Not sure': ['393164532', '393687888', '394134014', '394500040', '394511077'], 'Sterile': ['393317623', '393480646', '393602115', '393834177', '394076357', '394246592', '394259350', '394437712', '394567344', '394791271', '395191656'], 'Female ': [], 'Male': [], 'Both Female and Male': []}"
72170191,Sterile,15,"{'Not sure': 3, 'Sterile': 5, 'Female ': 3, 'Male': 4, 'Both Female and Male': 0}",33.33,53.33,20.0,3,"['394073459', '394247441', '394499324']",5,"['393164544', '393316097', '393602122', '393834197', '394790297']",3,"['393480636', '394071944', '394717674']",4,"['394128732', '394358036', '395186341', '395312918']",0,[],393164544,675706,19279,2022-01-28 23:03:12 UTC,PDL11215JPEG(d).png,"{'Not sure': ['394073459', '394247441', '394499324'], 'Sterile': ['393164544', '393316097', '393602122', '393834197', '394790297'], 'Female ': ['393480636', '394071944', '394717674'], 'Male': ['394128732', '394358036', '395186341', '395312918'], 'Both Female and Male': []}"
72170218,Sterile,17,"{'Not sure': 2, 'Sterile': 15, 'Female ': 0, 'Male': 0, 'Both Female and Male': 0}",88.24,88.24,11.76,2,"['394152815', '394502997']",15,"['393164560', '393315120', '393606125', '393825294', '393834631', '394068328', '394073540', '394128871', '394247506', '394356356', '394440313', '394887072', '395187686', '395396323', '397331752']",0,[],0,[],0,[],393164560,675706,19279,2022-01-28 23:03:17 UTC,PDL116126JPEG(b).jpg,"{'Not sure': ['394152815', '394502997'], 'Sterile': ['393164560', '393315120', '393606125', '393825294', '393834631', '394068328', '394073540', '394128871', '394247506', '394356356', '394440313', '394887072', '395187686', '395396323', '397331752'], 'Female ': [], 'Male': [], 'Both Female and Male': []}"
72170182,Sterile,15,"{'Not sure': 1, 'Sterile': 13, 'Female ': 0, 'Male': 1, 'Both Female and Male': 0}",86.67,86.67,6.67,1,['394278776'],13,"['393164573', '393316332', '393604815', '393825521', '394071964', '394353688', '394500287', '394791698', '395111488', '395184984', '395188896', '395313025', '395395933']",0,[],1,['394069253'],0,[],393164573,675706,19279,2022-01-28 23:03:20 UTC,MVK15083JPEG_b(1).jpg,"{'Not sure': ['394278776'], 'Sterile': ['393164573', '393316332', '393604815', '393825521', '394071964', '394353688', '394500287', '394791698', '395111488', '395184984', '395188896', '395313025', '395395933'], 'Female ': [], 'Male': ['394069253'], 'Both Female and Male': []}"
72170263,Sterile,16,"{'Not sure': 2, 'Sterile': 14, 'Female ': 0, 'Male': 0, 'Both Female and Male': 0}",87.5,87.5,12.5,2,"['394068681', '394828804']",14,"['393164578', '393315042', '393480868', '393636994', '393825470', '394074137', '394130146', '394356329', '394602817', '394713956', '394790386', '394968264', '395166665', '397331151']",0,[],0,[],0,[],393164578,675706,19279,2022-01-28 23:03:23 UTC,PDLS0087_D466JPEG(c).jpg,"{'Not sure': ['394068681', '394828804'], 'Sterile': ['393164578', '393315042', '393480868', '393636994', '393825470', '394074137', '394130146', '394356329', '394602817', '394713956', '394790386', '394968264', '395166665', '397331151'], 'Female ': [], 'Male': [], 'Both Female and Male': []}"
72170302,Sterile,15,"{'Not sure': 2, 'Sterile': 13, 'Female ': 0, 'Male': 0, 'Both Female and Male': 0}",86.67,86.67,13.33,2,"['394071752', '394312006']",13,"['393164590', '393316779', '393442742', '393479759', '393825149', '394102446', '394131263', '394251953', '394356256', '394499618', '394503011', '394791586', '394792652']",0,[],0,[],0,[],393164590,675706,19279,2022-01-28 23:03:27 UTC,Shaw16641_D255JPEG(f).png,"{'Not sure': ['394071752', '394312006'], 'Sterile': ['393164590', '393316779', '393442742', '393479759', '393825149', '394102446', '394131263', '394251953', '394356256', '394499618', '394503011', '394791586', '394792652'], 'Female ': [], 'Male': [], 'Both Female and Male': []}"
72170156,Female ,15,"{'Not sure': 0, 'Sterile': 0, 'Female ': 15, 'Male': 0, 'Both Female and Male': 0}",100.0,100.0,0.0,0,[],0,[],15,"['393164623', '393317585', '393454815', '393602485', '393825366', '394075057', '394246877', '394312140', '394353781', '394442264', '394498790', '394791511', '394965720', '395189346', '395308526']",0,[],0,[],393164623,675706,19279,2022-01-28 23:03:39 UTC,MVK10-5-29F_DF286JPEG_cropped_resized(i).jpg,"{'Not sure': [], 'Sterile': [], 'Female ': ['393164623', '393317585', '393454815', '393602485', '393825366', '394075057', '394246877', '394312140', '394353781', '394442264', '394498790', '394791511', '394965720', '395189346', '395308526'], 'Male': [], 'Both Female and Male': []}"
72170224,Male,17,"{'Not sure': 1, 'Sterile': 2, 'Female ': 1, 'Male': 10, 'Both Female and Male': 3}",58.82,17.65,5.88,1,['393605352'],2,"['393315752', '393317668']",1,['393480304'],10,"['393164703', '393546467', '393688690', '393824641', '393834788', '394310972', '394361525', '394532261', '394791087', '394966486']",3,"['394074925', '394248293', '394500458']",393164703,675706,19279,2022-01-28 23:04:12 UTC,PDLK225_AK305241_DF046_MALEJPEG(a).jpg,"{'Not sure': ['393605352'], 'Sterile': ['393315752', '393317668'], 'Female ': ['393480304'], 'Male': ['393164703', '393546467', '393688690', '393824641', '393834788', '394310972', '394361525', '394532261', '394791087', '394966486'], 'Both Female and Male': ['394074925', '394248293', '394500458']}"
72170223,Not sure,16,"{'Not sure': 2, 'Sterile': 5, 'Female ': 2, 'Male': 6, 'Both Female and Male': 1}",12.5,43.75,12.5,2,"['393164726', '394073837']",5,"['393316961', '393606136', '393825389', '394070302', '394147646']",2,"['394279573', '394279888']",6,"['393442469', '394440707', '394500348', '395187741', '395283292', '395296752']",1,['393480730'],393164726,675706,19279,2022-01-28 23:04:24 UTC,PDLK225_AK305241_DF046_MALEJPEG(.jpg,"{'Not sure': ['393164726', '394073837'], 'Sterile': ['393316961', '393606136', '393825389', '394070302', '394147646'], 'Female ': ['394279573', '394279888'], 'Male': ['393442469', '394440707', '394500348', '395187741', '395283292', '395296752'], 'Both Female and Male': ['393480730']}"
72170310,Sterile,16,"{'Not sure': 1, 'Sterile': 14, 'Female ': 0, 'Male': 1, 'Both Female and Male': 0}",87.5,87.5,6.25,1,['394076023'],14,"['393164739', '393258209', '393315470', '393825209', '393980344', '394071321', '394102679', '394259515', '394277891', '394357116', '394498444', '394503007', '394887315', '395456256']",0,[],1,['394128335'],0,[],393164739,675706,19279,2022-01-28 23:04:29 UTC,Shaw17619_D384JPEG(b).jpg,"{'Not sure': ['394076023'], 'Sterile': ['393164739', '393258209', '393315470', '393825209', '393980344', '394071321', '394102679', '394259515', '394277891', '394357116', '394498444', '394503007', '394887315', '395456256'], 'Female ': [], 'Male': ['394128335'], 'Both Female and Male': []}"
72170190,Sterile,15,"{'Not sure': 6, 'Sterile': 5, 'Female ': 0, 'Male': 4, 'Both Female and Male': 0}",33.33,33.33,40.0,6,"['393316403', '393688293', '394133985', '394246499', '394311562', '394358307']",5,"['393164753', '393602829', '393834345', '394070341', '394440642']",0,[],4,"['393286291', '393442858', '393480486', '393674506']",0,[],393164753,675706,19279,2022-01-28 23:04:33 UTC,PDL11215JPEG(c).png,"{'Not sure': ['393316403', '393688293', '394133985', '394246499', '394311562', '394358307'], 'Sterile': ['393164753', '393602829', '393834345', '394070341', '394440642'], 'Female ': [], 'Male': ['393286291', '393442858', '393480486', '393674506'], 'Both Female and Male': []}"
72170256,Female ,16,"{'Not sure': 2, 'Sterile': 1, 'Female ': 10, 'Male': 3, 'Both Female and Male': 0}",62.5,68.75,12.5,2,"['394360973', '394365263']",1,['393480804'],10,"['393164833', '393317317', '393603975', '393824770', '393834829', '393976963', '394071080', '394107481', '394251916', '394259344']",3,"['393286854', '394069358', '394152220']",0,[],393164833,675706,19279,2022-01-28 23:05:10 UTC,PDLS0086_D444JPEG(b).jpg,"{'Not sure': ['394360973', '394365263'], 'Sterile': ['393480804'], 'Female ': ['393164833', '393317317', '393603975', '393824770', '393834829', '393976963', '394071080', '394107481', '394251916', '394259344'], 'Male': ['393286854', '394069358', '394152220'], 'Both Female and Male': []}"
72170257,Sterile,17,"{'Not sure': 1, 'Sterile': 12, 'Female ': 0, 'Male': 4, 'Both Female and Male': 0}",70.59,70.59,5.88,1,['393275271'],12,"['393164850', '393315395', '393546480', '393646509', '393834151', '394074579', '394076806', '395186849', '395188459', '395396804', '395458886', '395552447']",0,[],4,"['394068973', '394166357', '394439590', '394792041']",0,[],393164850,675706,19279,2022-01-28 23:05:18 UTC,PDLS0087_D446JPEG(a).jpg,"{'Not sure': ['393275271'], 'Sterile': ['393164850', '393315395', '393546480', '393646509', '393834151', '394074579', '394076806', '395186849', '395188459', '395396804', '395458886', '395552447'], 'Female ': [], 'Male': ['394068973', '394166357', '394439590', '394792041'], 'Both Female and Male': []}"
72170201,Female ,15,"{'Not sure': 0, 'Sterile': 0, 'Female ': 7, 'Male': 8, 'Both Female and Male': 0}",46.67,46.67,0.0,0,[],0,[],7,"['393164891', '393480320', '393546009', '393634122', '393824873', '394071544', '394247135']",8,"['393316761', '393455277', '394129125', '394153100', '394259229', '394308918', '394442641', '394567205']",0,[],393164891,675706,19279,2022-01-28 23:05:36 UTC,PDL11498JPEG(c).jpg,"{'Not sure': [], 'Sterile': [], 'Female ': ['393164891', '393480320', '393546009', '393634122', '393824873', '394071544', '394247135'], 'Male': ['393316761', '393455277', '394129125', '394153100', '394259229', '394308918', '394442641', '394567205'], 'Both Female and Male': []}"
72170167,Sterile,15,"{'Not sure': 1, 'Sterile': 13, 'Female ': 0, 'Male': 1, 'Both Female and Male': 0}",86.67,86.67,6.67,1,['394068659'],13,"['393165060', '393316629', '393478223', '393688252', '393825258', '394102463', '394278714', '394498954', '394532766', '394791260', '395187156', '395277281', '395396373']",0,[],1,['394073128'],0,[],393165060,675706,19279,2022-01-28 23:06:47 UTC,MVK10-5-29F_DF286JPEG_cropped_resized(t).jpg,"{'Not sure': ['394068659'], 'Sterile': ['393165060', '393316629', '393478223', '393688252', '393825258', '394102463', '394278714', '394498954', '394532766', '394791260', '395187156', '395277281', '395396373'], 'Female ': [], 'Male': ['394073128'], 'Both Female and Male': []}"
72170280,Female ,15,"{'Not sure': 2, 'Sterile': 10, 'Female ': 1, 'Male': 2, 'Both Female and Male': 0}",6.67,73.33,13.33,2,"['395134902', '395308762']",10,"['393316194', '393634329', '393834476', '394072053', '394278700', '394311165', '394887324', '395187702', '395313194', '395397078']",1,['393165119'],2,"['393480895', '394791383']",0,[],393165119,675706,19279,2022-01-28 23:07:10 UTC,PDLS9996AJPEG_a.jpg,"{'Not sure': ['395134902', '395308762'], 'Sterile': ['393316194', '393634329', '393834476', '394072053', '394278700', '394311165', '394887324', '395187702', '395313194', '395397078'], 'Female ': ['393165119'], 'Male': ['393480895', '394791383'], 'Both Female and Male': []}"
72170202,Sterile,15,"{'Not sure': 2, 'Sterile': 13, 'Female ': 0, 'Male': 0, 'Both Female and Male': 0}",86.67,86.67,13.33,2,"['394278848', '394791891']",13,"['393165132', '393257155', '393315621', '393606108', '393825415', '394068760', '394073153', '394127988', '394353887', '394441147', '394500064', '394602792', '395189049']",0,[],0,[],0,[],393165132,675706,19279,2022-01-28 23:07:14 UTC,PDL11594JPEG(a).jpg,"{'Not sure': ['394278848', '394791891'], 'Sterile': ['393165132', '393257155', '393315621', '393606108', '393825415', '394068760', '394073153', '394127988', '394353887', '394441147', '394500064', '394602792', '395189049'], 'Female ': [], 'Male': [], 'Both Female and Male': []}"
72170243,Female ,16,"{'Not sure': 0, 'Sterile': 0, 'Female ': 16, 'Male': 0, 'Both Female and Male': 0}",100.0,100.0,0.0,0,[],0,[],16,"['393165178', '393315031', '393479559', '393602210', '393834092', '394073063', '394247123', '394440895', '394511406', '394567788', '394789636', '395313178', '395395983', '395459364', '395482295', '397331645']",0,[],0,[],393165178,675706,19279,2022-01-28 23:07:37 UTC,PDLS0055_D470JPEG(a).jpg,"{'Not sure': [], 'Sterile': [], 'Female ': ['393165178', '393315031', '393479559', '393602210', '393834092', '394073063', '394247123', '394440895', '394511406', '394567788', '394789636', '395313178', '395395983', '395459364', '395482295', '397331645'], 'Male': [], 'Both Female and Male': []}"
72170250,Female ,15,"{'Not sure': 0, 'Sterile': 0, 'Female ': 12, 'Male': 1, 'Both Female and Male': 2}",80.0,80.0,0.0,0,[],0,[],12,"['393165221', '393317475', '393454782', '393480843', '393601463', '393824720', '394074101', '394246643', '394499390', '394790535', '394966804', '395187328']",1,['394354644'],2,"['394070027', '394436936']",393165221,675706,19279,2022-01-28 23:07:59 UTC,PDLS0072_D466JPEG(b).jpg,"{'Not sure': [], 'Sterile': [], 'Female ': ['393165221', '393317475', '393454782', '393480843', '393601463', '393824720', '394074101', '394246643', '394499390', '394790535', '394966804', '395187328'], 'Male': ['394354644'], 'Both Female and Male': ['394070027', '394436936']}"
72170143,Sterile,15,"{'Not sure': 0, 'Sterile': 15, 'Female ': 0, 'Male': 0, 'Both Female and Male': 0}",100.0,100.0,0.0,0,[],15,"['393165233', '393315070', '393601546', '393825197', '394070219', '394071630', '394127598', '394151732', '394247436', '394259137', '394353406', '394441680', '394499280', '395187462', '395188073']",0,[],0,[],0,[],393165233,675706,19279,2022-01-28 23:08:04 UTC,MVK10-5-27_DF301JPEG_cropped_resized(c).jpg,"{'Not sure': [], 'Sterile': ['393165233', '393315070', '393601546', '393825197', '394070219', '394071630', '394127598', '394151732', '394247436', '394259137', '394353406', '394441680', '394499280', '395187462', '395188073'], 'Female ': [], 'Male': [], 'Both Female and Male': []}"
72170296,Sterile,15,"{'Not sure': 0, 'Sterile': 14, 'Female ': 0, 'Male': 1, 'Both Female and Male': 0}",93.33,93.33,0.0,0,[],14,"['393165342', '393286309', '393316634', '393442813', '393479530', '393602156', '393825054', '394068734', '394073471', '394131406', '394132548', '394279975', '394362404', '394440139']",0,[],1,['393335795'],0,[],393165342,675706,19279,2022-01-28 23:08:55 UTC,PDLS99185BJPEG_b(1).jpg,"{'Not sure': [], 'Sterile': ['393165342', '393286309', '393316634', '393442813', '393479530', '393602156', '393825054', '394068734', '394073471', '394131406', '394132548', '394279975', '394362404', '394440139'], 'Female ': [], 'Male': ['393335795'], 'Both Female and Male': []}"
72170287,Not sure,16,"{'Not sure': 4, 'Sterile': 10, 'Female ': 2, 'Male': 0, 'Both Female and Male': 0}",25.0,75.0,25.0,4,"['393165359', '394132459', '394311085', '394511536']",10,"['393257525', '393316986', '393479771', '393605238', '393825250', '394071975', '394129032', '394967713', '395188200', '395313005']",2,"['394279889', '395123558']",0,[],0,[],393165359,675706,19279,2022-01-28 23:09:01 UTC,PDLS99155AJPEG_cropped_resized(a).jpg,"{'Not sure': ['393165359', '394132459', '394311085', '394511536'], 'Sterile': ['393257525', '393316986', '393479771', '393605238', '393825250', '394071975', '394129032', '394967713', '395188200', '395313005'], 'Female ': ['394279889', '395123558'], 'Male': [], 'Both Female and Male': []}"
72170183,Female ,15,"{'Not sure': 1, 'Sterile': 0, 'Female ': 12, 'Male': 2, 'Both Female and Male': 0}",80.0,80.0,6.67,1,['393162263'],0,[],12,"['393165415', '393226850', '393253924', '393315713', '393442564', '393479572', '393601634', '393825173', '394071875', '394127318', '394278072', '394442136']",2,"['393980607', '394074190']",0,[],393165415,675706,19279,2022-01-28 23:09:21 UTC,PDL_11374JPEG(a).jpg,"{'Not sure': ['393162263'], 'Sterile': [], 'Female ': ['393165415', '393226850', '393253924', '393315713', '393442564', '393479572', '393601634', '393825173', '394071875', '394127318', '394278072', '394442136'], 'Male': ['393980607', '394074190'], 'Both Female and Male': []}"
72170253,Sterile,15,"{'Not sure': 1, 'Sterile': 13, 'Female ': 1, 'Male': 0, 'Both Female and Male': 0}",86.67,93.33,6.67,1,['394310751'],13,"['393165424', '393315399', '393372197', '393637066', '393825351', '394073654', '394128042', '394132370', '394147603', '394362432', '394438255', '394498689', '394532298']",1,['394279399'],0,[],0,[],393165424,675706,19279,2022-01-28 23:09:26 UTC,PDLS0078FJPEG_cropped_resized(b).jpg,"{'Not sure': ['394310751'], 'Sterile': ['393165424', '393315399', '393372197', '393637066', '393825351', '394073654', '394128042', '394132370', '394147603', '394362432', '394438255', '394498689', '394532298'], 'Female ': ['394279399'], 'Male': [], 'Both Female and Male': []}"
72170147,Sterile,15,"{'Not sure': 0, 'Sterile': 15, 'Female ': 0, 'Male': 0, 'Both Female and Male': 0}",100.0,100.0,0.0,0,[],15,"['393165432', '393315444', '393480752', '393603092', '393825084', '393972067', '394003333', '394076370', '394153164', '394246527', '394312067', '394498394', '394792905', '395189251', '395283977']",0,[],0,[],0,[],393165432,675706,19279,2022-01-28 23:09:29 UTC,MVK10-5-27_DF301JPEG_cropped_resized(g).jpg,"{'Not sure': [], 'Sterile': ['393165432', '393315444', '393480752', '393603092', '393825084', '393972067', '394003333', '394076370', '394153164', '394246527', '394312067', '394498394', '394792905', '395189251', '395283977'], 'Female ': [], 'Male': [], 'Both Female and Male': []}"
72170286,Sterile,16,"{'Not sure': 2, 'Sterile': 12, 'Female ': 0, 'Male': 2, 'Both Female and Male': 0}",75.0,75.0,12.5,2,"['394308859', '394790837']",12,"['393165447', '393316679', '393480571', '393604831', '393825176', '393972371', '394072860', '394442455', '394713932', '394965961', '395134934', '396134596']",0,[],2,"['394131244', '394353102']",0,[],393165447,675706,19279,2022-01-28 23:09:36 UTC,PDLS99108AAJPEG(c).jpg,"{'Not sure': ['394308859', '394790837'], 'Sterile': ['393165447', '393316679', '393480571', '393604831', '393825176', '393972371', '394072860', '394442455', '394713932', '394965961', '395134934', '396134596'], 'Female ': [], 'Male': ['394131244', '394353102'], 'Both Female and Male': []}"
72170312,Sterile,17,"{'Not sure': 2, 'Sterile': 15, 'Female ': 0, 'Male': 0, 'Both Female and Male': 0}",88.24,88.24,11.76,2,"['394359932', '394511330']",15,"['393165457', '393226983', '393288050', '393315361', '393602489', '393824467', '393834846', '393972685', '394076516', '394247549', '394259104', '394441023', '394790280', '395187326', '395456272']",0,[],0,[],0,[],393165457,675706,19279,2022-01-28 23:09:40 UTC,Shaw17629_D382JPEG(b).png,"{'Not sure': ['394359932', '394511330'], 'Sterile': ['393165457', '393226983', '393288050', '393315361', '393602489', '393824467', '393834846', '393972685', '394076516', '394247549', '394259104', '394441023', '394790280', '395187326', '395456272'], 'Female ': [], 'Male': [], 'Both Female and Male': []}"
72170295,Sterile,16,"{'Not sure': 0, 'Sterile': 15, 'Female ': 0, 'Male': 1, 'Both Female and Male': 0}",93.75,93.75,0.0,0,[],15,"['393165465', '393317638', '393480370', '393604963', '393824461', '394070990', '394127405', '394310804', '394441152', '394500020', '394791983', '394793003', '395187950', '395312943', '395454787']",0,[],1,['395196050'],0,[],393165465,675706,19279,2022-01-28 23:09:43 UTC,PDLS99185BJPEG_b.jpg,"{'Not sure': [], 'Sterile': ['393165465', '393317638', '393480370', '393604963', '393824461', '394070990', '394127405', '394310804', '394441152', '394500020', '394791983', '394793003', '395187950', '395312943', '395454787'], 'Female ': [], 'Male': ['395196050'], 'Both Female and Male': []}"
72170157,Sterile,15,"{'Not sure': 1, 'Sterile': 12, 'Female ': 0, 'Male': 2, 'Both Female and Male': 0}",80.0,80.0,6.67,1,['394070621'],12,"['393162728', '393165472', '393316036', '393480698', '393545686', '393607520', '393834473', '394073773', '394259081', '394440169', '394502903', '394714119']",0,[],2,"['393442795', '394247485']",0,[],393165472,675706,19279,2022-01-28 23:09:46 UTC,MVK10-5-29F_DF286JPEG_cropped_resized(j).jpg,"{'Not sure': ['394070621'], 'Sterile': ['393162728', '393165472', '393316036', '393480698', '393545686', '393607520', '393834473', '394073773', '394259081', '394440169', '394502903', '394714119'], 'Female ': [], 'Male': ['393442795', '394247485'], 'Both Female and Male': []}"
72170306,Sterile,16,"{'Not sure': 5, 'Sterile': 11, 'Female ': 0, 'Male': 0, 'Both Female and Male': 0}",68.75,68.75,31.25,5,"['393441753', '393972157', '394246328', '394359895', '394442393']",11,"['393162510', '393165483', '393286866', '393314967', '393602769', '393834481', '394073489', '394129413', '394143223', '394259002', '394789793']",0,[],0,[],0,[],393165483,675706,19279,2022-01-28 23:09:49 UTC,Shaw16641_D255JPEG(j).png,"{'Not sure': ['393441753', '393972157', '394246328', '394359895', '394442393'], 'Sterile': ['393162510', '393165483', '393286866', '393314967', '393602769', '393834481', '394073489', '394129413', '394143223', '394259002', '394789793'], 'Female ': [], 'Male': [], 'Both Female and Male': []}"
72170150,Female ,16,"{'Not sure': 0, 'Sterile': 0, 'Female ': 13, 'Male': 1, 'Both Female and Male': 2}",81.25,81.25,0.0,0,[],0,[],13,"['393165519', '393315885', '393834440', '394073510', '394102606', '394246780', '395188048', '395298269', '395398053', '395482464', '395549254', '395551518', '395556484']",1,['394069735'],2,"['395460176', '395556395']",393165519,675706,19279,2022-01-28 23:10:05 UTC,MVK10-5-29F_DF286JPEG_cropped_resized(c).jpg,"{'Not sure': [], 'Sterile': [], 'Female ': ['393165519', '393315885', '393834440', '394073510', '394102606', '394246780', '395188048', '395298269', '395398053', '395482464', '395549254', '395551518', '395556484'], 'Male': ['394069735'], 'Both Female and Male': ['395460176', '395556395']}"
72170229,Male,16,"{'Not sure': 2, 'Sterile': 3, 'Female ': 0, 'Male': 8, 'Both Female and Male': 3}",50.0,18.75,12.5,2,"['394052877', '394247792']",3,"['393315332', '393834161', '394258947']",0,[],8,"['393165566', '393601771', '394074872', '394511631', '394789780', '394964676', '395185281', '395396005']",3,"['393972679', '394072028', '394499503']",393165566,675706,19279,2022-01-28 23:10:25 UTC,PDLK376_DF064JPEG(b).jpg,"{'Not sure': ['394052877', '394247792'], 'Sterile': ['393315332', '393834161', '394258947'], 'Female ': [], 'Male': ['393165566', '393601771', '394074872', '394511631', '394789780', '394964676', '395185281', '395396005'], 'Both Female and Male': ['393972679', '394072028', '394499503']}"
72170292,Sterile,17,"{'Not sure': 1, 'Sterile': 16, 'Female ': 0, 'Male': 0, 'Both Female and Male': 0}",94.12,94.12,5.88,1,['394310731'],16,"['393165572', '393315812', '393825463', '393972537', '394072740', '394102631', '394131213', '394246849', '394354567', '394567630', '394969348', '395312797', '395396977', '395409716', '395552561', '395556622']",0,[],0,[],0,[],393165572,675706,19279,2022-01-28 23:10:29 UTC,PDLS99168BJPEG_cropped_resized.jpg,"{'Not sure': ['394310731'], 'Sterile': ['393165572', '393315812', '393825463', '393972537', '394072740', '394102631', '394131213', '394246849', '394354567', '394567630', '394969348', '395312797', '395396977', '395409716', '395552561', '395556622'], 'Female ': [], 'Male': [], 'Both Female and Male': []}"
72170146,Sterile,15,"{'Not sure': 0, 'Sterile': 15, 'Female ': 0, 'Male': 0, 'Both Female and Male': 0}",100.0,100.0,0.0,0,[],15,"['393165577', '393315064', '393603597', '393834412', '394073139', '394074123', '394152658', '394247464', '394440868', '394498482', '394887148', '394964394', '395135022', '395188444', '395189375']",0,[],0,[],0,[],393165577,675706,19279,2022-01-28 23:10:32 UTC,MVK10-5-27_DF301JPEG_cropped_resized(f).jpg,"{'Not sure': [], 'Sterile': ['393165577', '393315064', '393603597', '393834412', '394073139', '394074123', '394152658', '394247464', '394440868', '394498482', '394887148', '394964394', '395135022', '395188444', '395189375'], 'Female ': [], 'Male': [], 'Both Female and Male': []}"
72170220,Female ,16,"{'Not sure': 0, 'Sterile': 0, 'Female ': 15, 'Male': 1, 'Both Female and Male': 0}",93.75,93.75,0.0,0,[],0,[],15,"['393165603', '393258226', '393285331', '393315504', '393607843', '393833849', '394067368', '394073176', '394107221', '394126950', '394258898', '394358422', '394512040', '394602607', '394790445']",1,['394437664'],0,[],393165603,675706,19279,2022-01-28 23:10:41 UTC,PDLK225_AK305241_DF046_FEMALEJPE.jpg,"{'Not sure': [], 'Sterile': [], 'Female ': ['393165603', '393258226', '393285331', '393315504', '393607843', '393833849', '394067368', '394073176', '394107221', '394126950', '394258898', '394358422', '394512040', '394602607', '394790445'], 'Male': ['394437664'], 'Both Female and Male': []}"
72170161,Sterile,15,"{'Not sure': 1, 'Sterile': 14, 'Female ': 0, 'Male': 0, 'Both Female and Male': 0}",93.33,93.33,6.67,1,['394311064'],14,"['393165614', '393315768', '393479738', '393634226', '393674085', '393834506', '394073566', '394246336', '394440918', '394500312', '394566776', '394790668', '395297925', '395396225']",0,[],0,[],0,[],393165614,675706,19279,2022-01-28 23:10:44 UTC,MVK10-5-29F_DF286JPEG_cropped_resized(n).jpg,"{'Not sure': ['394311064'], 'Sterile': ['393165614', '393315768', '393479738', '393634226', '393674085', '393834506', '394073566', '394246336', '394440918', '394500312', '394566776', '394790668', '395297925', '395396225'], 'Female ': [], 'Male': [], 'Both Female and Male': []}"
72170305,Sterile,16,"{'Not sure': 4, 'Sterile': 8, 'Female ': 0, 'Male': 4, 'Both Female and Male': 0}",50.0,50.0,25.0,4,"['393287091', '393635001', '394074522', '394967124']",8,"['393165628', '393316638', '393688784', '393825300', '394247097', '394357021', '395187854', '395454285']",0,[],4,"['394069586', '394442344', '394498755', '395277222']",0,[],393165628,675706,19279,2022-01-28 23:10:50 UTC,Shaw16641_D255JPEG(i).png,"{'Not sure': ['393287091', '393635001', '394074522', '394967124'], 'Sterile': ['393165628', '393316638', '393688784', '393825300', '394247097', '394357021', '395187854', '395454285'], 'Female ': [], 'Male': ['394069586', '394442344', '394498755', '395277222'], 'Both Female and Male': []}"
72170240,Sterile,16,"{'Not sure': 1, 'Sterile': 14, 'Female ': 0, 'Male': 1, 'Both Female and Male': 0}",87.5,87.5,6.25,1,['394511126'],14,"['393162049', '393165638', '393288019', '393315202', '393544473', '393824856', '394072839', '394100124', '394127869', '394247786', '394498390', '394792727', '395188355', '397331694']",0,[],1,['394828858'],0,[],393165638,675706,19279,2022-01-28 23:10:54 UTC,PDLS003F_D450JPEG_cropped_resized(b).jpg,"{'Not sure': ['394511126'], 'Sterile': ['393162049', '393165638', '393288019', '393315202', '393544473', '393824856', '394072839', '394100124', '394127869', '394247786', '394498390', '394792727', '395188355', '397331694'], 'Female ': [], 'Male': ['394828858'], 'Both Female and Male': []}"
72170149,Sterile,16,"{'Not sure': 5, 'Sterile': 9, 'Female ': 0, 'Male': 2, 'Both Female and Male': 0}",56.25,56.25,31.25,5,"['394074236', '394100123', '394247251', '394790561', '395283939']",9,"['393165654', '393316027', '393372301', '393673762', '393825129', '394072875', '394101054', '394567479', '395398240']",0,[],2,"['393285082', '393478692']",0,[],393165654,675706,19279,2022-01-28 23:11:00 UTC,MVK10-5-29F_DF286JPEG_cropped_resized(b).jpg,"{'Not sure': ['394074236', '394100123', '394247251', '394790561', '395283939'], 'Sterile': ['393165654', '393316027', '393372301', '393673762', '393825129', '394072875', '394101054', '394567479', '395398240'], 'Female ': [], 'Male': ['393285082', '393478692'], 'Both Female and Male': []}"
72170168,Sterile,15,"{'Not sure': 0, 'Sterile': 15, 'Female ': 0, 'Male': 0, 'Both Female and Male': 0}",100.0,100.0,0.0,0,[],15,"['393165666', '393253459', '393287016', '393316935', '393601116', '393825550', '394052438', '394071252', '394131084', '394246955', '394311305', '394357951', '394498698', '394887015', '394970335']",0,[],0,[],0,[],393165666,675706,19279,2022-01-28 23:11:03 UTC,MVK10-5-29F_DF286JPEG_cropped_resized(u).jpg,"{'Not sure': [], 'Sterile': ['393165666', '393253459', '393287016', '393316935', '393601116', '393825550', '394052438', '394071252', '394131084', '394246955', '394311305', '394357951', '394498698', '394887015', '394970335'], 'Female ': [], 'Male': [], 'Both Female and Male': []}"
72170152,Sterile,15,"{'Not sure': 1, 'Sterile': 13, 'Female ': 0, 'Male': 1, 'Both Female and Male': 0}",86.67,86.67,6.67,1,['394511340'],13,"['393165677', '393286791', '393315800', '393442906', '393455397', '393601280', '393824533', '394074215', '394131951', '394151788', '394278031', '394440198', '394499608']",0,[],1,['394107997'],0,[],393165677,675706,19279,2022-01-28 23:11:06 UTC,MVK10-5-29F_DF286JPEG_cropped_resized(e).jpg,"{'Not sure': ['394511340'], 'Sterile': ['393165677', '393286791', '393315800', '393442906', '393455397', '393601280', '393824533', '394074215', '394131951', '394151788', '394278031', '394440198', '394499608'], 'Female ': [], 'Male': ['394107997'], 'Both Female and Male': []}"
72170169,Sterile,15,"{'Not sure': 7, 'Sterile': 8, 'Female ': 0, 'Male': 0, 'Both Female and Male': 0}",53.33,53.33,46.67,7,"['394068639', '394132311', '394246317', '394360356', '394502839', '394530019', '395396786']",8,"['393165689', '393314779', '393834041', '394071736', '394101040', '394968580', '395189171', '395460341']",0,[],0,[],0,[],393165689,675706,19279,2022-01-28 23:11:11 UTC,MVK10-5-29F_DF286JPEG_cropped_resized(v).jpg,"{'Not sure': ['394068639', '394132311', '394246317', '394360356', '394502839', '394530019', '395396786'], 'Sterile': ['393165689', '393314779', '393834041', '394071736', '394101040', '394968580', '395189171', '395460341'], 'Female ': [], 'Male': [], 'Both Female and Male': []}"
72170171,Both Female and Male,15,"{'Not sure': 1, 'Sterile': 2, 'Female ': 1, 'Male': 9, 'Both Female and Male': 2}",13.33,20.0,6.67,1,['393162654'],2,"['393316314', '394352643']",1,['394277868'],9,"['393607065', '393833907', '393976997', '394152985', '394442226', '394500306', '394511259', '394567432', '395166438']",2,"['393165794', '394073387']",393165794,675706,19279,2022-01-28 23:11:56 UTC,MVK6500_D344JPEG(b).jpg,"{'Not sure': ['393162654'], 'Sterile': ['393316314', '394352643'], 'Female ': ['394277868'], 'Male': ['393607065', '393833907', '393976997', '394152985', '394442226', '394500306', '394511259', '394567432', '395166438'], 'Both Female and Male': ['393165794', '394073387']}"
72170272,Sterile,16,"{'Not sure': 2, 'Sterile': 13, 'Female ': 1, 'Male': 0, 'Both Female and Male': 0}",81.25,87.5,12.5,2,"['394070956', '394502944']",13,"['393162805', '393165806', '393316325', '393480494', '393607996', '393825557', '394074368', '394247006', '394499641', '394567275', '394790149', '394970274', '395552229']",1,['395196333'],0,[],0,[],393165806,675706,19279,2022-01-28 23:12:00 UTC,PDLS01116_DF223JPEG_cropped_resized(e).jpg,"{'Not sure': ['394070956', '394502944'], 'Sterile': ['393162805', '393165806', '393316325', '393480494', '393607996', '393825557', '394074368', '394247006', '394499641', '394567275', '394790149', '394970274', '395552229'], 'Female ': ['395196333'], 'Male': [], 'Both Female and Male': []}"
72170235,Sterile,16,"{'Not sure': 1, 'Sterile': 14, 'Female ': 0, 'Male': 1, 'Both Female and Male': 0}",87.5,87.5,6.25,1,['394310779'],14,"['393162202', '393165817', '393316988', '393442129', '393603568', '393824843', '394073300', '394131357', '394247976', '394566918', '394789643', '394967001', '395124147', '395552584']",0,[],1,['394437968'],0,[],393165817,675706,19279,2022-01-28 23:12:03 UTC,PDLS003F_D450_cropped_resized(a).jpg,"{'Not sure': ['394310779'], 'Sterile': ['393162202', '393165817', '393316988', '393442129', '393603568', '393824843', '394073300', '394131357', '394247976', '394566918', '394789643', '394967001', '395124147', '395552584'], 'Female ': [], 'Male': ['394437968'], 'Both Female and Male': []}"
72170145,Sterile,15,"{'Not sure': 4, 'Sterile': 10, 'Female ': 0, 'Male': 1, 'Both Female and Male': 0}",66.67,66.67,26.67,4,"['393786761', '393972727', '393976767', '394246605']",10,"['393165828', '393284642', '393316303', '393834364', '394071982', '394100128', '394151322', '394359549', '394532845', '394965770']",0,[],1,['394309318'],0,[],393165828,675706,19279,2022-01-28 23:12:07 UTC,MVK10-5-27_DF301JPEG_cropped_resized(e).jpg,"{'Not sure': ['393786761', '393972727', '393976767', '394246605'], 'Sterile': ['393165828', '393284642', '393316303', '393834364', '394071982', '394100128', '394151322', '394359549', '394532845', '394965770'], 'Female ': [], 'Male': ['394309318'], 'Both Female and Male': []}"
72170283,Sterile,16,"{'Not sure': 0, 'Sterile': 13, 'Female ': 0, 'Male': 3, 'Both Female and Male': 0}",81.25,81.25,0.0,0,[],13,"['393165838', '393315819', '393637026', '393834447', '394072730', '394252996', '394310484', '394532319', '394887213', '395134911', '395189282', '395454751', '395458774']",0,[],3,"['394109076', '395196572', '395397991']",0,[],393165838,675706,19279,2022-01-28 23:12:10 UTC,PDLS9996AJPEG_b(1).jpg,"{'Not sure': [], 'Sterile': ['393165838', '393315819', '393637026', '393834447', '394072730', '394252996', '394310484', '394532319', '394887213', '395134911', '395189282', '395454751', '395458774'], 'Female ': [], 'Male': ['394109076', '395196572', '395397991'], 'Both Female and Male': []}"
72170246,Male,16,"{'Not sure': 0, 'Sterile': 5, 'Female ': 1, 'Male': 8, 'Both Female and Male': 2}",50.0,37.5,0.0,0,[],5,"['393316309', '393606162', '393834276', '394074390', '394360950']",1,['393479577'],8,"['393165895', '394074741', '394131157', '394440290', '394500240', '394791448', '394967388', '395189146']",2,"['394246309', '397331710']",393165895,675706,19279,2022-01-28 23:12:33 UTC,PDLS0063_D467JPEG(a).png,"{'Not sure': [], 'Sterile': ['393316309', '393606162', '393834276', '394074390', '394360950'], 'Female ': ['393479577'], 'Male': ['393165895', '394074741', '394131157', '394440290', '394500240', '394791448', '394967388', '395189146'], 'Both Female and Male': ['394246309', '397331710']}"
72170214,Sterile,17,"{'Not sure': 0, 'Sterile': 14, 'Female ': 1, 'Male': 2, 'Both Female and Male': 0}",82.35,88.24,0.0,0,[],14,"['393165907', '393316320', '393606461', '393834340', '394075120', '394076108', '394076833', '394128983', '394502925', '394966551', '395185298', '395187526', '395276835', '395552408']",1,['394279320'],2,"['393478634', '394791178']",0,[],393165907,675706,19279,2022-01-28 23:12:38 UTC,PDL12009JPEG_a(1).jpg,"{'Not sure': [], 'Sterile': ['393165907', '393316320', '393606461', '393834340', '394075120', '394076108', '394076833', '394128983', '394502925', '394966551', '395185298', '395187526', '395276835', '395552408'], 'Female ': ['394279320'], 'Male': ['393478634', '394791178'], 'Both Female and Male': []}"
72170262,Male,17,"{'Not sure': 0, 'Sterile': 2, 'Female ': 0, 'Male': 15, 'Both Female and Male': 0}",88.24,11.76,0.0,0,[],2,"['394093508', '394150488']",0,[],15,"['393165936', '393253663', '393315084', '393479733', '393601070', '393825123', '393972351', '394070373', '394073252', '394137530', '394247540', '394356945', '394439733', '394500105', '395552361']",0,[],393165936,675706,19279,2022-01-28 23:12:48 UTC,PDLS0087_D466JPEG(b).jpg,"{'Not sure': [], 'Sterile': ['394093508', '394150488'], 'Female ': [], 'Male': ['393165936', '393253663', '393315084', '393479733', '393601070', '393825123', '393972351', '394070373', '394073252', '394137530', '394247540', '394356945', '394439733', '394500105', '395552361'], 'Both Female and Male': []}"
72170304,Female ,15,"{'Not sure': 1, 'Sterile': 0, 'Female ': 12, 'Male': 2, 'Both Female and Male': 0}",80.0,80.0,6.67,1,['393162314'],0,[],12,"['393165978', '393284766', '393315434', '393637314', '393825339', '394074636', '394129974', '394132446', '394247455', '394311842', '394354435', '394441133']",2,"['393408787', '394152713']",0,[],393165978,675706,19279,2022-01-28 23:13:01 UTC,Shaw16641_D255JPEG(h).png,"{'Not sure': ['393162314'], 'Sterile': [], 'Female ': ['393165978', '393284766', '393315434', '393637314', '393825339', '394074636', '394129974', '394132446', '394247455', '394311842', '394354435', '394441133'], 'Male': ['393408787', '394152713'], 'Both Female and Male': []}"
72170308,Sterile,15,"{'Not sure': 2, 'Sterile': 12, 'Female ': 0, 'Male': 1, 'Both Female and Male': 0}",80.0,80.0,13.33,2,"['393442669', '394511269']",12,"['393165991', '393315730', '393480785', '393633859', '393825418', '394073270', '394129086', '394147553', '394440910', '394500319', '394533179', '394791464']",0,[],1,['393972272'],0,[],393165991,675706,19279,2022-01-28 23:13:06 UTC,Shaw16732_D254JPEG(b).jpg,"{'Not sure': ['393442669', '394511269'], 'Sterile': ['393165991', '393315730', '393480785', '393633859', '393825418', '394073270', '394129086', '394147553', '394440910', '394500319', '394533179', '394791464'], 'Female ': [], 'Male': ['393972272'], 'Both Female and Male': []}"
72170216,Sterile,17,"{'Not sure': 2, 'Sterile': 14, 'Female ': 0, 'Male': 1, 'Both Female and Male': 0}",82.35,82.35,11.76,2,"['394439712', '394498469']",14,"['393165998', '393316347', '393605205', '393834455', '394074463', '394130999', '394246906', '394502856', '394511503', '394511531', '394970322', '395187666', '395188288', '396566806']",0,[],1,['394791689'],0,[],393165998,675706,19279,2022-01-28 23:13:08 UTC,PDL12009JPEG_b(1).jpg,"{'Not sure': ['394439712', '394498469'], 'Sterile': ['393165998', '393316347', '393605205', '393834455', '394074463', '394130999', '394246906', '394502856', '394511503', '394511531', '394970322', '395187666', '395188288', '396566806'], 'Female ': [], 'Male': ['394791689'], 'Both Female and Male': []}"
72170252,Sterile,16,"{'Not sure': 1, 'Sterile': 15, 'Female ': 0, 'Male': 0, 'Both Female and Male': 0}",93.75,93.75,6.25,1,['394310621'],15,"['393166009', '393315786', '393601090', '393824850', '394073222', '394153178', '394277934', '394354512', '394511866', '394968353', '395188390', '395188413', '395397002', '395459542', '395481440']",0,[],0,[],0,[],393166009,675706,19279,2022-01-28 23:13:13 UTC,PDLS0078FJPEG_cropped_resized(a).jpg,"{'Not sure': ['394310621'], 'Sterile': ['393166009', '393315786', '393601090', '393824850', '394073222', '394153178', '394277934', '394354512', '394511866', '394968353', '395188390', '395188413', '395397002', '395459542', '395481440'], 'Female ': [], 'Male': [], 'Both Female and Male': []}"
72170228,Female ,15,"{'Not sure': 0, 'Sterile': 0, 'Female ': 14, 'Male': 0, 'Both Female and Male': 1}",93.33,93.33,0.0,0,[],0,[],14,"['393166048', '393254365', '393317356', '393606101', '393825237', '393972559', '394068016', '394071480', '394132030', '394278014', '394354318', '394437182', '394790901', '395188766']",0,[],1,['393544351'],393166048,675706,19279,2022-01-28 23:13:24 UTC,PDLK376_DF064JPEG(a).jpg,"{'Not sure': [], 'Sterile': [], 'Female ': ['393166048', '393254365', '393317356', '393606101', '393825237', '393972559', '394068016', '394071480', '394132030', '394278014', '394354318', '394437182', '394790901', '395188766'], 'Male': [], 'Both Female and Male': ['393544351']}"
72170225,Male,16,"{'Not sure': 0, 'Sterile': 4, 'Female ': 1, 'Male': 11, 'Both Female and Male': 0}",68.75,31.25,0.0,0,[],4,"['393316065', '393605229', '393824744', '394356281']",1,['394070227'],11,"['393166073', '393258595', '393972624', '394052824', '394131475', '394248328', '394259068', '394311786', '394442437', '394532742', '395556591']",0,[],393166073,675706,19279,2022-01-28 23:13:33 UTC,PDLK225_AK305241_DF046_MALEJPEG(c).jpg,"{'Not sure': [], 'Sterile': ['393316065', '393605229', '393824744', '394356281'], 'Female ': ['394070227'], 'Male': ['393166073', '393258595', '393972624', '394052824', '394131475', '394248328', '394259068', '394311786', '394442437', '394532742', '395556591'], 'Both Female and Male': []}"
72170177,Female ,15,"{'Not sure': 2, 'Sterile': 7, 'Female ': 6, 'Male': 0, 'Both Female and Male': 0}",40.0,86.67,13.33,2,"['394068126', '394437548']",7,"['393316498', '393634251', '394052602', '394073552', '394382844', '394502890', '394713981']",6,"['393166141', '393275557', '393283802', '393825313', '393972234', '394247089']",0,[],0,[],393166141,675706,19279,2022-01-28 23:13:58 UTC,MVK15032NCJPEG_b.jpg,"{'Not sure': ['394068126', '394437548'], 'Sterile': ['393316498', '393634251', '394052602', '394073552', '394382844', '394502890', '394713981'], 'Female ': ['393166141', '393275557', '393283802', '393825313', '393972234', '394247089'], 'Male': [], 'Both Female and Male': []}"
72170180,Sterile,15,"{'Not sure': 0, 'Sterile': 15, 'Female ': 0, 'Male': 0, 'Both Female and Male': 0}",100.0,100.0,0.0,0,[],15,"['393166156', '393254384', '393315301', '393441848', '393601969', '393825414', '394070293', '394071240', '394129071', '394240834', '394247768', '394360493', '394498287', '394791969', '394967636']",0,[],0,[],0,[],393166156,675706,19279,2022-01-28 23:14:04 UTC,MVK15083JPEG_a(1).jpg,"{'Not sure': [], 'Sterile': ['393166156', '393254384', '393315301', '393441848', '393601969', '393825414', '394070293', '394071240', '394129071', '394240834', '394247768', '394360493', '394498287', '394791969', '394967636'], 'Female ': [], 'Male': [], 'Both Female and Male': []}"
72170221,Female ,15,"{'Not sure': 0, 'Sterile': 0, 'Female ': 14, 'Male': 1, 'Both Female and Male': 0}",93.33,93.33,0.0,0,[],0,[],14,"['393166209', '393315549', '393545655', '393602811', '393834393', '394075648', '394246759', '394310184', '394359327', '394602756', '394790256', '394793464', '394966985', '395188306']",1,['395135064'],0,[],393166209,675706,19279,2022-01-28 23:14:21 UTC,PDLK225_AK305241_DF046_FEMALEJPEG(b).jpg,"{'Not sure': [], 'Sterile': [], 'Female ': ['393166209', '393315549', '393545655', '393602811', '393834393', '394075648', '394246759', '394310184', '394359327', '394602756', '394790256', '394793464', '394966985', '395188306'], 'Male': ['395135064'], 'Both Female and Male': []}"
72170249,Female ,15,"{'Not sure': 1, 'Sterile': 3, 'Female ': 8, 'Male': 0, 'Both Female and Male': 3}",53.33,73.33,6.67,1,['395188886'],3,"['393252592', '394074449', '394713949']",8,"['393166269', '393317431', '393786746', '393834142', '394074626', '394101009', '394968198', '395189243']",0,[],3,"['394151644', '394252052', '394442560']",393166269,675706,19279,2022-01-28 23:14:46 UTC,PDLS0072_D466JPEG(a).jpg,"{'Not sure': ['395188886'], 'Sterile': ['393252592', '394074449', '394713949'], 'Female ': ['393166269', '393317431', '393786746', '393834142', '394074626', '394101009', '394968198', '395189243'], 'Male': [], 'Both Female and Male': ['394151644', '394252052', '394442560']}"
72170153,Sterile,15,"{'Not sure': 2, 'Sterile': 13, 'Female ': 0, 'Male': 0, 'Both Female and Male': 0}",86.67,86.67,13.33,2,"['394312545', '395298142']",13,"['393162577', '393166280', '393288065', '393316852', '393479496', '393602075', '393834271', '394075440', '394151348', '394279902', '394442237', '395187799', '395313211']",0,[],0,[],0,[],393166280,675706,19279,2022-01-28 23:14:49 UTC,MVK10-5-29F_DF286JPEG_cropped_resized(f).jpg,"{'Not sure': ['394312545', '395298142'], 'Sterile': ['393162577', '393166280', '393288065', '393316852', '393479496', '393602075', '393834271', '394075440', '394151348', '394279902', '394442237', '395187799', '395313211'], 'Female ': [], 'Male': [], 'Both Female and Male': []}"
72170144,Sterile,16,"{'Not sure': 0, 'Sterile': 15, 'Female ': 1, 'Male': 0, 'Both Female and Male': 0}",93.75,100.0,0.0,0,[],15,"['393166294', '393315557', '393372267', '393479753', '393634041', '393834321', '394070771', '394109309', '394132333', '394246897', '394358092', '394502848', '394511490', '394567812', '394789601']",1,['394166523'],0,[],0,[],393166294,675706,19279,2022-01-28 23:14:52 UTC,MVK10-5-27_DF301JPEG_cropped_resized(d).jpg,"{'Not sure': [], 'Sterile': ['393166294', '393315557', '393372267', '393479753', '393634041', '393834321', '394070771', '394109309', '394132333', '394246897', '394358092', '394502848', '394511490', '394567812', '394789601'], 'Female ': ['394166523'], 'Male': [], 'Both Female and Male': []}"
72170231,Sterile,15,"{'Not sure': 2, 'Sterile': 10, 'Female ': 0, 'Male': 3, 'Both Female and Male': 0}",66.67,66.67,13.33,2,"['394246656', '394511429']",10,"['393166301', '393285519', '393316373', '393545958', '393603908', '393825502', '394126573', '394361105', '394567451', '394887031']",0,[],3,"['393252724', '394073863', '394132287']",0,[],393166301,675706,19279,2022-01-28 23:14:55 UTC,PDLS003_D450JPEG(a).jpg,"{'Not sure': ['394246656', '394511429'], 'Sterile': ['393166301', '393285519', '393316373', '393545958', '393603908', '393825502', '394126573', '394361105', '394567451', '394887031'], 'Female ': [], 'Male': ['393252724', '394073863', '394132287'], 'Both Female and Male': []}"
72170311,Male,16,"{'Not sure': 1, 'Sterile': 3, 'Female ': 3, 'Male': 9, 'Both Female and Male': 0}",56.25,37.5,6.25,1,['395552531'],3,"['393316032', '394258997', '395396992']",3,"['393688539', '393825032', '394075098']",9,"['393166319', '393602069', '394152260', '394277840', '394311031', '394442580', '394500260', '395186952', '395460241']",0,[],393166319,675706,19279,2022-01-28 23:15:03 UTC,Shaw17629_D382JPEG(a).png,"{'Not sure': ['395552531'], 'Sterile': ['393316032', '394258997', '395396992'], 'Female ': ['393688539', '393825032', '394075098'], 'Male': ['393166319', '393602069', '394152260', '394277840', '394311031', '394442580', '394500260', '395186952', '395460241'], 'Both Female and Male': []}"
72170185,Female ,15,"{'Not sure': 2, 'Sterile': 1, 'Female ': 12, 'Male': 0, 'Both Female and Male': 0}",80.0,86.67,13.33,2,"['393162838', '394502914']",1,['394074497'],12,"['393166394', '393315197', '393367095', '393546779', '393605073', '393825448', '394150864', '394247840', '394442856', '394499689', '394511317', '394967586']",0,[],0,[],393166394,675706,19279,2022-01-28 23:15:28 UTC,PDL_11374JPEG(c).jpg,"{'Not sure': ['393162838', '394502914'], 'Sterile': ['394074497'], 'Female ': ['393166394', '393315197', '393367095', '393546779', '393605073', '393825448', '394150864', '394247840', '394442856', '394499689', '394511317', '394967586'], 'Male': [], 'Both Female and Male': []}"
72170184,Female ,15,"{'Not sure': 4, 'Sterile': 8, 'Female ': 2, 'Male': 1, 'Both Female and Male': 0}",13.33,66.67,26.67,4,"['393442605', '394108040', '394358071', '394511098']",8,"['393315349', '393372263', '393636585', '393825046', '394071771', '394247107', '394258458', '394790816']",2,"['393166452', '393252418']",1,['394130293'],0,[],393166452,675706,19279,2022-01-28 23:15:47 UTC,PDL_11374JPEG(b).jpg,"{'Not sure': ['393442605', '394108040', '394358071', '394511098'], 'Sterile': ['393315349', '393372263', '393636585', '393825046', '394071771', '394247107', '394258458', '394790816'], 'Female ': ['393166452', '393252418'], 'Male': ['394130293'], 'Both Female and Male': []}"
72170189,Sterile,16,"{'Not sure': 2, 'Sterile': 11, 'Female ': 1, 'Male': 2, 'Both Female and Male': 0}",68.75,75.0,12.5,2,"['394511089', '395196635']",11,"['393166473', '393287226', '393315656', '393480217', '393834264', '394075508', '394100133', '394101513', '394253013', '394269247', '395188721']",1,['394353266'],2,"['393251852', '394438433']",0,[],393166473,675706,19279,2022-01-28 23:15:57 UTC,PDL11215JPEG(b).png,"{'Not sure': ['394511089', '395196635'], 'Sterile': ['393166473', '393287226', '393315656', '393480217', '393834264', '394075508', '394100133', '394101513', '394253013', '394269247', '395188721'], 'Female ': ['394353266'], 'Male': ['393251852', '394438433'], 'Both Female and Male': []}"
72170172,Sterile,15,"{'Not sure': 2, 'Sterile': 13, 'Female ': 0, 'Male': 0, 'Both Female and Male': 0}",86.67,86.67,13.33,2,"['393972054', '394074503']",13,"['393166495', '393315969', '393442874', '393478257', '393825042', '394074227', '394100130', '394127853', '394152752', '394278705', '394356392', '394887191', '394969320']",0,[],0,[],0,[],393166495,675706,19279,2022-01-28 23:16:04 UTC,MVK6500_D344JPEG(c).jpg,"{'Not sure': ['393972054', '394074503'], 'Sterile': ['393166495', '393315969', '393442874', '393478257', '393825042', '394074227', '394100130', '394127853', '394152752', '394278705', '394356392', '394887191', '394969320'], 'Female ': [], 'Male': [], 'Both Female and Male': []}"
72170196,Sterile,15,"{'Not sure': 1, 'Sterile': 9, 'Female ': 1, 'Male': 4, 'Both Female and Male': 0}",60.0,66.67,6.67,1,['394247689'],9,"['393162149', '393166505', '393315806', '393480822', '393601575', '393825159', '394128922', '394153212', '394382729']",1,['394074291'],4,"['393442046', '393976856', '394075869', '394442808']",0,[],393166505,675706,19279,2022-01-28 23:16:07 UTC,PDL11489JPEG(b).jpg,"{'Not sure': ['394247689'], 'Sterile': ['393162149', '393166505', '393315806', '393480822', '393601575', '393825159', '394128922', '394153212', '394382729'], 'Female ': ['394074291'], 'Male': ['393442046', '393976856', '394075869', '394442808'], 'Both Female and Male': []}"
72170151,Sterile,15,"{'Not sure': 1, 'Sterile': 14, 'Female ': 0, 'Male': 0, 'Both Female and Male': 0}",93.33,93.33,6.67,1,['394074422'],14,"['393166518', '393316114', '393442219', '393601229', '393824410', '394076167', '394131176', '394246947', '394356313', '394440060', '394967599', '395186196', '395396877', '395460373']",0,[],0,[],0,[],393166518,675706,19279,2022-01-28 23:16:10 UTC,MVK10-5-29F_DF286JPEG_cropped_resized(d).jpg,"{'Not sure': ['394074422'], 'Sterile': ['393166518', '393316114', '393442219', '393601229', '393824410', '394076167', '394131176', '394246947', '394356313', '394440060', '394967599', '395186196', '395396877', '395460373'], 'Female ': [], 'Male': [], 'Both Female and Male': []}"
72170199,Sterile,16,"{'Not sure': 0, 'Sterile': 16, 'Female ': 0, 'Male': 0, 'Both Female and Male': 0}",100.0,100.0,0.0,0,[],16,"['393166527', '393315774', '393604956', '393825241', '394074701', '394074897', '394150569', '394246913', '394502963', '394714337', '395187213', '395188474', '395396014', '395460206', '395482481', '395482509']",0,[],0,[],0,[],393166527,675706,19279,2022-01-28 23:16:14 UTC,PDL11498JPEG(a).jpg,"{'Not sure': [], 'Sterile': ['393166527', '393315774', '393604956', '393825241', '394074701', '394074897', '394150569', '394246913', '394502963', '394714337', '395187213', '395188474', '395396014', '395460206', '395482481', '395482509'], 'Female ': [], 'Male': [], 'Both Female and Male': []}"
72170290,Sterile,16,"{'Not sure': 1, 'Sterile': 14, 'Female ': 1, 'Male': 0, 'Both Female and Male': 0}",87.5,93.75,6.25,1,['394075094'],14,"['393162274', '393166565', '393316631', '393480793', '393603146', '393834497', '393850891', '394076548', '394076792', '394247799', '394354045', '394791107', '395135016', '395189261']",1,['393786706'],0,[],0,[],393166565,675706,19279,2022-01-28 23:16:26 UTC,PDLS99155AJPEG_cropped_resized(d).jpg,"{'Not sure': ['394075094'], 'Sterile': ['393162274', '393166565', '393316631', '393480793', '393603146', '393834497', '393850891', '394076548', '394076792', '394247799', '394354045', '394791107', '395135016', '395189261'], 'Female ': ['393786706'], 'Male': [], 'Both Female and Male': []}"
72170173,Sterile,15,"{'Not sure': 0, 'Sterile': 15, 'Female ': 0, 'Male': 0, 'Both Female and Male': 0}",100.0,100.0,0.0,0,[],15,"['393166581', '393258392', '393316057', '393479521', '393607547', '393834420', '394052618', '394071204', '394246888', '394311938', '394357078', '394439843', '394791594', '394887160', '394967106']",0,[],0,[],0,[],393166581,675706,19279,2022-01-28 23:16:30 UTC,MVK6500JPEG(a).jpg,"{'Not sure': [], 'Sterile': ['393166581', '393258392', '393316057', '393479521', '393607547', '393834420', '394052618', '394071204', '394246888', '394311938', '394357078', '394439843', '394791594', '394887160', '394967106'], 'Female ': [], 'Male': [], 'Both Female and Male': []}"
72170176,Both Female and Male,15,"{'Not sure': 2, 'Sterile': 4, 'Female ': 2, 'Male': 4, 'Both Female and Male': 3}",20.0,40.0,13.33,2,"['394247726', '394887302']",4,"['393316188', '393605218', '394076349', '394152489']",2,"['393546607', '394714093']",4,"['394311745', '394361068', '394499313', '395186508']",3,"['393166682', '393441963', '393833886']",393166682,675706,19279,2022-01-28 23:17:07 UTC,MVK15032NCJPEG_a (1).jpg,"{'Not sure': ['394247726', '394887302'], 'Sterile': ['393316188', '393605218', '394076349', '394152489'], 'Female ': ['393546607', '394714093'], 'Male': ['394311745', '394361068', '394499313', '395186508'], 'Both Female and Male': ['393166682', '393441963', '393833886']}"
72170236,Sterile,17,"{'Not sure': 1, 'Sterile': 15, 'Female ': 0, 'Male': 1, 'Both Female and Male': 0}",88.24,88.24,5.88,1,['394311630'],15,"['393166690', '393179208', '393258538', '393286327', '393317339', '393825216', '394052845', '394073640', '394100131', '394101010', '394128635', '394246842', '394567285', '394789657', '395849198']",0,[],1,['394793126'],0,[],393166690,675706,19279,2022-01-28 23:17:10 UTC,PDLS003F_D450_cropped_resized(b).jpg,"{'Not sure': ['394311630'], 'Sterile': ['393166690', '393179208', '393258538', '393286327', '393317339', '393825216', '394052845', '394073640', '394100131', '394101010', '394128635', '394246842', '394567285', '394789657', '395849198'], 'Female ': [], 'Male': ['394793126'], 'Both Female and Male': []}"
72170160,Sterile,15,"{'Not sure': 5, 'Sterile': 9, 'Female ': 0, 'Male': 1, 'Both Female and Male': 0}",60.0,60.0,33.33,5,"['393287856', '394073478', '394107876', '394361002', '394503235']",9,"['393166705', '393253543', '393315355', '393479453', '393634147', '393825058', '394075610', '394252062', '394440014']",0,[],1,['394828711'],0,[],393166705,675706,19279,2022-01-28 23:17:14 UTC,MVK10-5-29F_DF286JPEG_cropped_resized(m).jpg,"{'Not sure': ['393287856', '394073478', '394107876', '394361002', '394503235'], 'Sterile': ['393166705', '393253543', '393315355', '393479453', '393634147', '393825058', '394075610', '394252062', '394440014'], 'Female ': [], 'Male': ['394828711'], 'Both Female and Male': []}"
72170197,Sterile,15,"{'Not sure': 1, 'Sterile': 13, 'Female ': 0, 'Male': 1, 'Both Female and Male': 0}",86.67,86.67,6.67,1,['394310638'],13,"['393166716', '393287025', '393316772', '393825273', '394101871', '394153116', '394247264', '394440319', '394499007', '394566962', '394828766', '395397998', '395460412']",0,[],1,['394070007'],0,[],393166716,675706,19279,2022-01-28 23:17:17 UTC,PDL11489JPEG(c).jpg,"{'Not sure': ['394310638'], 'Sterile': ['393166716', '393287025', '393316772', '393825273', '394101871', '394153116', '394247264', '394440319', '394499007', '394566962', '394828766', '395397998', '395460412'], 'Female ': [], 'Male': ['394070007'], 'Both Female and Male': []}"
72170238,Sterile,16,"{'Not sure': 0, 'Sterile': 16, 'Female ': 0, 'Male': 0, 'Both Female and Male': 0}",100.0,100.0,0.0,0,[],16,"['393166723', '393258510', '393285341', '393315651', '393478262', '393545866', '393605269', '393688564', '393834462', '393834799', '393972085', '394074152', '394247700', '394359609', '394442405', '394498896']",0,[],0,[],0,[],393166723,675706,19279,2022-01-28 23:17:20 UTC,PDLS003F_D450_cropped_resized(d).jpg,"{'Not sure': [], 'Sterile': ['393166723', '393258510', '393285341', '393315651', '393478262', '393545866', '393605269', '393688564', '393834462', '393834799', '393972085', '394074152', '394247700', '394359609', '394442405', '394498896'], 'Female ': [], 'Male': [], 'Both Female and Male': []}"
72170170,Sterile,15,"{'Not sure': 0, 'Sterile': 15, 'Female ': 0, 'Male': 0, 'Both Female and Male': 0}",100.0,100.0,0.0,0,[],15,"['393166732', '393284337', '393316693', '393442898', '393480651', '393825253', '394075624', '394101853', '394127966', '394185602', '394246839', '394500249', '394511140', '395123559', '395189033']",0,[],0,[],0,[],393166732,675706,19279,2022-01-28 23:17:23 UTC,MVK6500_D344JPEG(a).jpg,"{'Not sure': [], 'Sterile': ['393166732', '393284337', '393316693', '393442898', '393480651', '393825253', '394075624', '394101853', '394127966', '394185602', '394246839', '394500249', '394511140', '395123559', '395189033'], 'Female ': [], 'Male': [], 'Both Female and Male': []}"
72170244,Sterile,15,"{'Not sure': 1, 'Sterile': 7, 'Female ': 2, 'Male': 4, 'Both Female and Male': 1}",46.67,60.0,6.67,1,['394500275'],7,"['393166742', '393315644', '393637046', '393825590', '394126957', '394353644', '394511435']",2,"['394107634', '394246738']",4,"['393478579', '394165981', '394442294', '394717559']",1,['394069750'],393166742,675706,19279,2022-01-28 23:17:27 UTC,PDLS0055_D470JPEG(b).jpg,"{'Not sure': ['394500275'], 'Sterile': ['393166742', '393315644', '393637046', '393825590', '394126957', '394353644', '394511435'], 'Female ': ['394107634', '394246738'], 'Male': ['393478579', '394165981', '394442294', '394717559'], 'Both Female and Male': ['394069750']}"
